sqrtN_dJ_N32,sqrtN_dJ_N64,sqrtN_dJ_N128
7.263391976196661819e-04,-1.300662938343008501e-03,-2.118688642661977536e-03
-6.621982508237148762e-03,1.873072309323223217e-03,3.357988170806123704e-03
-1.966426782122514608e-03,1.937021995773779981e-03,3.113192160858566353e-03
-1.723009418063148075e-03,-5.821395162259407341e-03,-1.279753524400656156e-03
-4.277154929975686762e-03,-6.856546012970476944e-05,-3.936356151979457027e-03
4.957244287224043785e-04,-2.289609650495558202e-03,2.753745587998137094e-04
-3.850946064696082749e-03,-5.656455628013229431e-04,-1.904104869658392171e-03
-5.267680345995162487e-03,1.118201667307611169e-03,2.858590568499439193e-03
-4.925278191498875515e-04,-2.946998536000472457e-03,-4.199831042348716771e-03
-3.518799873967991699e-03,-8.137503497275551390e-03,5.628727854832565229e-04
-3.372568586910635376e-03,2.313220619238748332e-04,-8.763557104579942957e-04
-4.106642923364493131e-03,-1.806416708387312275e-03,1.013119744744289447e-04
-1.403097667203231317e-03,-1.714948521797987624e-03,-3.061975640037576957e-03
1.155146063517341684e-03,-1.389557192912282968e-03,-3.316632325268479599e-03
-1.003571007469785618e-03,-5.101117686393749628e-03,2.065964298164006839e-05
-1.563122997308704167e-04,-7.399626808928617960e-03,3.365159820212802137e-03
-4.185284288040476072e-03,4.498181147733620877e-04,-2.997786867052791224e-03
-7.183833299693229797e-04,-4.567440744892278803e-03,-1.715766210206042322e-03
-7.474723768056835971e-03,-2.356184344325357172e-03,-6.493993230313619075e-05
2.147590732452057342e-03,4.075401490627045265e-04,-1.105400447323719821e-03
-2.876603484816716867e-03,-1.545288850968010164e-03,5.686548545989551133e-04
-2.349552187584241520e-03,3.058991217256279427e-04,-2.230369444511583199e-03
6.253824341162161297e-04,-1.086042060333920756e-02,-1.779304169992882616e-03
-5.030586982061639560e-03,-2.844443151614153842e-03,3.511551345993613443e-03
-8.959167455790743558e-04,-1.498990258957236255e-03,8.564521976054713251e-04
-2.641136994925027438e-03,-4.103172597500759355e-04,-4.486618902837590656e-03
-3.787069041081252661e-03,-1.778436236156241690e-03,-1.420527874029999839e-03
-2.566121965283657677e-04,-2.288529612771150745e-03,2.360338125388877252e-03
-3.556478573302816314e-03,1.146790520732465790e-03,-2.730612791341916357e-03
4.230714567619912013e-04,-3.674753580487494231e-04,9.891085727370323242e-04
-3.859589098939159024e-03,-5.772393778439743883e-03,3.592141403819651413e-03
-4.643615946585955695e-03,6.131232704604527850e-04,-8.241989488955600530e-04
-5.333563442961891681e-05,-4.653634755286711888e-03,-2.094766767603954867e-03
-2.422534565686857658e-03,-2.377106387656313657e-03,2.002671066568193371e-03
2.920343884048675568e-04,-5.594137341876220804e-04,-1.077077791252268419e-03
-1.315165976428599517e-03,6.397386571621171969e-04,-3.705293552907484682e-03
-1.300428933842110368e-03,-1.372013746318928584e-03,1.995627401231167032e-03
-7.277015212545652478e-03,-2.665622901291686553e-04,-4.336108339135279297e-04
-1.446340368909200882e-03,-1.499159599817195820e-04,5.652264242695713512e-04
8.708254314389054195e-04,-1.283695071176052527e-03,2.240305370213223353e-06
-2.402941698198380206e-03,2.338562028960336492e-03,1.374907259013361405e-03
-3.714499561584753973e-03,-2.057221835044475977e-03,-2.649001907973212461e-03
-2.383334904607311774e-03,3.391353922323259162e-03,-2.880939465547785114e-03
-5.112511717046481412e-05,-1.319427802346700984e-03,-2.022872011835171943e-03
7.324605202609145264e-05,-2.540241392487943561e-03,1.639069860469778272e-03
4.580808856933589641e-04,2.718614098934854506e-03,-7.473927525773874092e-03
-3.776277711776729763e-03,2.883337053752321744e-04,-1.274751911195225358e-03
-9.087879893741376142e-03,1.301914201977671937e-04,2.009815789040994300e-03
1.601393741375589175e-03,-6.313753369128205506e-04,8.827201673198154788e-04
9.625168691519603217e-04,-2.455721316738671001e-03,9.107957252698088875e-04
-3.098158941874781021e-03,-7.522118599701949071e-04,2.325781897807516121e-03
1.927202687808409224e-03,-5.947388293462391173e-03,-1.342668504433914547e-03
-7.690544083582270991e-03,-2.364464420955725288e-03,-1.712152455446909992e-03
-1.844082918247940068e-03,1.728501787367775488e-04,3.460080598454934406e-03
-1.418190924675786189e-03,4.226656532520356446e-03,-2.622903016641961026e-03
-2.979060802838507001e-03,-2.860264655012545454e-03,-1.167665100752863540e-03
2.156066638877655092e-03,1.863785465048561907e-04,4.056007907442592351e-04
-3.575946647613685971e-04,-8.491414371378222525e-03,4.707565507794901107e-03
-2.588348423142059016e-03,-6.177733313914288149e-03,1.861472847160085058e-04
1.955398081324923043e-03,2.645580351214954495e-03,-5.362851603497771798e-03
-1.631803455833568620e-03,-1.814717211362323890e-03,2.154497796305439566e-03
-5.855883492887381178e-03,-2.910916886618292176e-03,1.176417082257104471e-03
-1.202647751836814858e-04,-3.540104850740702358e-03,-2.741369757042130383e-03
7.600122658531724982e-04,-5.045846505366560764e-03,3.613259165946263417e-03
-2.348719020137721766e-03,-1.838130550717020917e-03,-2.423041961235348606e-03
-5.038298724086628412e-03,-1.850737577610866991e-03,2.517425675416573908e-04
-6.173796273243129136e-03,3.786426963990618955e-03,-3.220363639991256997e-03
3.600942427979700279e-04,-2.042327381437974987e-03,-4.314464880794179405e-03
-3.269736146607592903e-03,-7.415925089911401535e-04,-2.410512564775337246e-03
-6.644413660639205722e-03,1.042627430322157212e-03,1.672540895099425924e-03
-2.678774409188499576e-04,-3.206529806932811866e-04,5.115131328493617265e-04
5.521537027175975419e-04,1.666189957195182703e-03,-5.685785864654399786e-03
-9.008900595805155453e-05,-2.654145557495143914e-03,-2.936420523044213650e-04
-4.832839180606710375e-04,-9.646578651952980588e-04,1.735071548542736980e-03
-4.890218073218262178e-03,-9.191514700565561746e-04,1.605753714021915289e-03
-6.398990277732045061e-03,-6.006447469371761771e-04,-2.122076667192275036e-03
-8.205919282042222146e-04,-1.395353647897404348e-03,2.124863070085884417e-03
-2.124563994753754948e-03,-3.581209365388887678e-03,-1.654538889520602244e-03
-2.554657529443206832e-03,8.189300619457634545e-04,-6.297356804071439253e-03
2.680820764912240309e-03,4.679283756206381595e-04,1.539455651291911419e-04
-2.776432740001795853e-04,-2.623708036273500466e-03,1.962059311535509134e-03
-2.272652924127524943e-03,-5.109199768587244228e-03,-2.629529950154008665e-03
-1.925596358578932727e-03,-4.860237405870271310e-03,-4.219379783616778769e-03
-6.887890498338517832e-03,3.007735352503482229e-04,-5.323390101740248931e-03
-3.576516108483664830e-03,-3.126612447054019639e-03,1.454397076703555685e-03
-1.948957042662022646e-03,-1.205701295604474921e-03,2.202307527944889765e-03
7.158568930107939588e-04,-6.818473548373900350e-03,-6.170732252056629211e-04
-2.763146730921919956e-03,2.674008309798248106e-03,-3.394832167908845653e-03
2.563811920473656105e-03,-4.458741639105534560e-03,3.696598529889652063e-04
-4.960045748132085094e-04,3.245131587310823296e-03,5.222107671497724750e-03
-6.949008975435949469e-03,1.966272038779040554e-03,-4.453472206293396848e-04
-4.577148966704637847e-03,-1.800456722160254097e-03,-4.723250327100132751e-05
-1.395267867102467467e-03,-2.825476220600156574e-03,-3.296250872761296961e-03
-3.701481852301474577e-03,1.220569345344937884e-03,-3.707433041318730985e-03
-4.595470146246667491e-03,2.589344952801830857e-03,-1.600060311293543397e-03
-4.253998399505898461e-04,-1.296362843643816820e-04,1.867474708097192253e-03
-3.013337406084958241e-03,-2.466464768944715003e-03,7.036495351918681078e-03
-4.645079931130708870e-03,-1.193564022981943862e-03,9.236015849827950829e-04
-1.444838422740714985e-03,-1.067758016018438560e-03,4.518367653995085864e-04
-2.171951203575162026e-03,2.552820011372913811e-03,1.068819397224607740e-03
1.683805455017572256e-03,2.252615394171764152e-03,7.191600455257518348e-04
-1.633827702409532904e-03,-9.749588923029239851e-04,-4.250105481632609344e-03
-2.588120035950451994e-03,1.782183156631367282e-03,4.505615575458361984e-04
-2.844897373839045535e-03,-7.497711904468074007e-03,1.195999079969397314e-03
-1.567994314325856864e-03,1.642575825663739053e-03,-4.259014906090830498e-04
1.133671247236606562e-03,-3.269775385146361790e-03,-1.376769166574954044e-03
-7.050000660638676420e-03,-3.161232692304227765e-03,-2.537322367529725679e-03
-3.992043612296160629e-03,1.684571096999085138e-03,1.435932744044202559e-03
-1.728531986279069213e-04,-3.629394657045842409e-03,1.389834119220918675e-03
2.031440046180383110e-03,-2.365921920726543615e-03,3.664671598893407076e-03
2.030632870862972544e-03,9.770750959128549074e-04,1.820293854739206017e-03
-8.110154009956983432e-04,-3.580497981485991632e-03,-4.091214033265022166e-04
-3.146364641175850279e-03,-3.603970675371229171e-03,-1.053658246312900266e-03
2.760682173008755739e-03,-1.649310069463810757e-03,-1.464390453360936992e-03
-4.847526654026727312e-03,-3.676764312618610586e-03,-1.853974401220320626e-03
-1.431836929251196740e-03,-3.520065538860833732e-03,-1.531935297933205561e-03
-2.440418621084545527e-03,-6.216122666112572359e-03,-2.848579458455137089e-03
-4.907358929055053928e-03,1.565137637296445949e-03,-1.523737351228187211e-03
-6.312129301605282940e-03,3.353787784848571984e-04,1.127042749795095777e-03
1.629311393231773790e-03,-1.188007421717568457e-03,2.617961300198205516e-03
1.515059098276094751e-03,-1.144348993758564914e-03,9.858954652578369015e-04
1.465390233125634040e-03,5.636276043285509685e-03,-6.363894132036065389e-04
-7.558648615266927960e-03,-4.766162453528940968e-03,-1.171433034845041068e-03
-3.671645913950386149e-03,-1.862251169015699537e-03,8.339995584792660697e-04
-7.241353191317686372e-03,-2.520300792590815520e-03,1.896863121766478996e-03
-3.604181824539189234e-03,-3.816970446690604035e-04,-1.717340409483051776e-03
-6.028472576836890534e-04,-4.548152202003566402e-03,-2.610224586583553830e-03
-2.729235349000230185e-03,-3.581897211370768663e-03,8.254311853832705347e-04
-3.087975777432611958e-04,-1.548672758379124326e-03,2.744431443686429911e-03
-2.415751197691431637e-03,-6.957140650193580078e-03,-1.285611693414317677e-02
-2.265753904565950046e-03,8.289621854049300520e-04,2.635951463078244680e-03
-4.718329074119922278e-03,-6.259664532266701054e-03,3.227729067539892010e-04
4.826683537422263282e-04,7.335452759566485348e-04,-3.831139881555402360e-03
-2.639454676206218903e-03,-1.026066397419705262e-02,-1.146870945399574735e-03
-1.838767320117808829e-03,-9.285835418048338230e-04,7.360465943346694443e-04
1.550618864241750999e-03,-9.580176075234120292e-04,-1.231812255680106308e-03
-1.795419380373142627e-03,-1.058597541956515786e-03,2.960835772282304824e-04
-7.546146588526071730e-03,-4.770311065533147654e-03,2.538748198232559667e-03
-4.147641629364703236e-03,-1.377427281238643997e-03,1.066030929796817593e-03
-1.657099976043516394e-03,-2.423711158237640273e-03,2.325867919489380160e-03
-9.737735526279286610e-03,9.821051134572267305e-04,-4.728522740569449274e-03
9.199093768904874650e-04,-3.810064293552919978e-03,-1.509996302635482207e-03
-1.829089497533745428e-03,-2.295148941756530725e-03,-2.381381885514683838e-03
-1.782109591870809345e-03,-7.706915649040128879e-03,-4.049426872625500246e-04
-1.958989200333470255e-03,-3.915710209318690183e-03,-4.697453345551941099e-03
2.708722510005217524e-03,-1.068934694042122935e-03,-2.962274299115569103e-03
5.157905488810657271e-04,-6.129203415052492110e-03,3.260774999344804529e-03
1.153251480313958197e-03,-6.912093372678368430e-04,-8.094838404979612162e-04
-3.449754272518283302e-03,-1.491117019611437611e-03,9.399583477532659910e-06
-6.948823816444263130e-04,4.014703554607298996e-03,1.061427400422483352e-03
1.100318708894395744e-03,2.692446616666344106e-03,-2.133592560486132893e-03
-5.986291734016829444e-03,2.384048055487641982e-03,1.175065154779773944e-03
-5.242401359567301113e-03,-1.312671434375620172e-03,3.346385338445377090e-03
-4.274407493136465723e-04,-1.674027396052699124e-03,-1.375625684213417372e-03
-2.575621730188670539e-03,-1.357393850228802434e-03,-3.512169149366539418e-03
1.801932641119461352e-03,6.498149380854412183e-04,2.083445652964033279e-03
1.071066939516892528e-03,-2.713510170086849693e-03,-9.134788050145871202e-04
-6.310379130720788869e-03,-1.698884336846659404e-03,1.372139887327003408e-03
1.983010989395378888e-03,-1.554215142638301628e-03,2.634563914722420127e-03
-9.288979421134336330e-04,-3.011157270488035165e-03,-2.027098136360779728e-04
1.634204981335116895e-03,-2.181058670968530344e-03,-3.557342101181480091e-03
3.623447436585445060e-05,-4.104738413659103635e-03,-6.853073401025858678e-03
-1.615080009109639333e-03,2.814292659399378338e-03,-3.376521200718320820e-03
-3.711045909886209401e-03,-1.147893929847751404e-03,2.712064347015977293e-03
2.240799133118863721e-04,2.959208977712665667e-03,-7.732666754623619253e-04
-8.351543977680574854e-03,-4.240831872409422942e-03,1.889890352685711121e-03
2.906112845926383387e-03,1.399047393201902079e-03,4.514294624778836598e-03
4.920394061500518029e-03,-3.927661126404011216e-03,1.699912934674705292e-03
7.218411829962994046e-04,-4.657554580960815427e-03,1.228549015036914426e-03
-3.464594797796095773e-03,-1.447359986805979437e-03,-1.280192326527950007e-04
1.839657033164474986e-04,4.364558498591852853e-04,-5.172307730856626207e-03
9.199585035635720427e-04,1.154420394445340725e-03,-2.965020294765587875e-03
-1.053143081857938623e-04,-4.258676365217164972e-03,-4.617268145878471522e-03
-2.305092001527087389e-03,-5.940013028549046004e-04,1.847965803055509702e-03
-1.193024143079295368e-03,-3.772471832033261196e-03,5.090866703126896431e-03
8.387402189716272171e-04,-1.685720277935245925e-03,-4.017354308716979822e-03
-1.345513845225422859e-03,-3.319833558900336934e-03,-1.751702514125854683e-03
3.319548452001020670e-03,-4.337511907662183752e-04,1.062874538042575881e-03
-4.668313699118406719e-03,2.648345778684391139e-05,-3.778870602197839917e-03
-1.289432305421440387e-03,-2.794041095465507607e-03,-2.090406101221441496e-04
-6.292305122614536353e-03,1.519907918643398359e-03,3.364630292778612300e-04
1.915332742176875083e-04,-1.201710179721436622e-02,4.714864185753666064e-04
-2.033345770168016806e-03,-1.296217349465195179e-03,-2.486238808722594524e-03
-2.508516196607835829e-04,-2.460580444338972272e-03,2.171915679268757084e-03
-1.781980023558721012e-03,1.356026012019034832e-03,1.699631367050342652e-03
-2.917555792528417954e-03,-2.524599053144505056e-03,-5.693910144080971923e-03
-1.872236973462354775e-03,-3.640124230200172950e-03,7.080954060860621862e-04
-6.635059591877162308e-03,5.624057132921495006e-04,-7.513520007026149722e-03
-2.525929473883729674e-03,2.192884241978984572e-03,-1.002496661770357770e-03
-7.272266880824843072e-04,-1.701559887960973905e-03,-3.684942338673325574e-03
1.454025137905827231e-03,2.371638121625704865e-03,1.324280500192804926e-04
-4.516375180232396272e-03,6.282975439289156805e-04,2.810444426337407376e-04
-4.851709305174053619e-03,4.840690361628680050e-04,-1.763738986349979983e-04
1.726778743470756849e-04,-3.531433964614028032e-03,-4.846362332016230373e-03
-2.156552780007726326e-03,1.724207061439358979e-03,3.138816762781744454e-03
1.229488762858233549e-03,-4.190043077292163187e-03,8.105675645592506223e-03
-1.127869679108445353e-03,2.607523821357191074e-03,-4.885989417865580550e-04
8.105923270447130957e-04,-6.885359376532368403e-04,-7.621599071440521636e-03
-6.311951914582487541e-03,-8.638011854932063638e-03,1.441503343754642601e-03
-7.703989547136331530e-03,-1.696636490256128726e-03,1.964632169835267821e-03
